class,Maize_Domestic Utilization,Maize_Opening Stocks,Maize_Production,Rice_Domestic Utilization,Rice_Opening Stocks,Rice_Production,Soybean_Domestic Utilization,Soybean_Opening Stocks,Soybean_Production,Wheat_Domestic Utilization,Wheat_Opening Stocks,Wheat_Production
0,-0.6275985743100776,1.8285347868668227,-0.4953923872241244,-0.435044756488649,0.47383587622348244,0.15057270826836527,-0.8437100173674448,-0.4606495909379794,-0.8358447575721009,-0.01872082122926977,1.511111690787581,-0.2470941570166045
1,-0.708741330368895,0.14478557159557215,0.12146185234451143,0.01381610095233401,1.516380068228452,1.975029974847655,-0.7898092843211466,-0.6095892390466391,-0.7090511284364327,-0.6021851068408131,-0.02571706695197251,-0.32638041200262585
2,-0.3709861878410735,1.914920810765772,1.9368190358808512,-0.5690123614788847,-0.05267580546493141,-0.2597448765766271,-0.8215317847255499,-0.4076160433406704,-0.5942996059293518,-0.6369024442824989,0.09012054622529433,-0.22909128323232936
3,-0.6293895878330922,0.24825305939645284,1.127055708831432,-0.7317514792949378,-0.6055457033808473,-0.588253321819419,-0.4734687106131198,1.084250725729739,2.155646798398847,-0.7262922081977098,-0.4247707217600686,-0.43573455945727674
4,-0.5282638042716407,0.14620300971936925,0.37843608009898294,-0.6496335444161182,-0.6017835503424636,-0.6087199483933377,-0.6447844077781768,-0.49553989962156664,-0.4839773118599098,-0.02001966422961037,1.2620772880852915,2.246005753009181
