class,Maize_Domestic Utilization,Maize_Opening Stocks,Maize_Production,Rice_Domestic Utilization,Rice_Opening Stocks,Rice_Production,Soybean_Domestic Utilization,Soybean_Opening Stocks,Soybean_Production,Wheat_Domestic Utilization,Wheat_Opening Stocks,Wheat_Production
0,-0.0008467340759031189,0.03774639503390953,1.8573612161841744,-0.8312257668368521,-0.8328211279092712,-0.7691296994537067,0.11894163597097848,0.19079398267685657,1.8970562760491902,-0.705673085371489,-0.6854291866298865,-0.276773905638
1,0.7917118589039152,0.7163401570280414,-0.263378992910128,-0.5105278622192322,-0.5581210511540813,-0.6860822341802225,-0.7751662065950328,-0.7698220176481656,-1.1961553792200916,1.4892341339800639,1.6629727212263443,0.09899487278859131
2,0.3465545216698963,0.34890696590284126,-0.18648294060090123,0.6570641506754287,0.6348038207200194,1.8273084599172982,-0.8174054929955379,-0.807423482526313,-0.98264493100747,-0.21503981229639685,-0.17792977714192867,-0.6277114823169363
3,-0.17659526460399397,-0.1373453520296399,0.06639249611154606,-0.6566582773409773,-0.6554088385198317,-0.6623429045382111,-0.5638451286675045,-0.5583569262566669,-0.5376452695345811,0.6505823450397382,0.6597926377240146,2.5714304826161074
4,0.8965196905377056,0.7998556789693062,2.282017032450489,-0.49589168321737676,-0.48529641852824784,-0.4094617084871745,-0.6711286767976601,-0.6623476218525234,-0.6425633548265157,-0.24808095223232404,-0.2828181147644678,-0.08080387125120908
